{"_id":"6808233948c1d7a6610aaab7","name":"Main","type":"collection","label":"","kind":"model","__v":0,"summary":"Problem 02 - Flattened Lists","properties":[{"name":"companies","isList":true,"label":"","helpText":"","forceRelevance":"","_id":"681a926ae3275cb2e09b3daa","type":"object","style":"popup","typeDef":"681a525dacca9efdec4bd1cb","useImport":false,"typeName":"Company"}],"formulas":[],"templates":[{"name":"InterviewProblem02","label":"","_id":"681a53feb135b4e0f0bccb46","type":"text","contentType":"","text":"{[list companies]}\n    {[name]}\n    {[list members]}\n    {[endlist]}\n{[endlist]}"},{"name":"result","label":"","_id":"681bcc57e910d33f8da123e1","type":"text","contentType":"","text":""}],"layouts":[{"name":"(default)","label":"","columnCount":1,"rows":[[{"class":"question","content":"companies","list":[],"_id":"681bcc0fb7434de109a60ad0","id":"f5d227f0-2b89-11f0-8c8e-e9b09dfe33d5"}],[{"class":"static","content":"\n---\n\nOutput:  \n{[peek(result)]}","expr":"","list":[],"_id":"681bcc0fb7434de109a60ad1","id":"f5d227f1-2b89-11f0-8c8e-e9b09dfe33d5"}]],"_id":"681bcbf3e910d33f8da123df"}],"apps":[{"name":"AppProblem02","screens":[],"templates":["{[InterviewProblem02]}"],"generateDocs":true,"extUsers":false,"extAutoClose":false,"extInstruct":"","extUseURLs":false,"showDocs":false,"extCompletionURL":"","extExitURL":"","_id":"681a5413b135b4e0f0bccb47"}]}