{"_id":"6808233948c1d7a6610aaab7","name":"Main","type":"collection","label":"","kind":"model","__v":0,"summary":"Problem 03 - Scope","properties":[{"name":"foo","isList":false,"label":"foo (top level)","helpText":"","forceRelevance":"","_id":"681bda632cdc43a96e3b2b86","type":"number","style":"textbox","decimalPlaces":0,"minimum":"","maximum":""},{"name":"bar","isList":false,"label":"bar","helpText":"","forceRelevance":"","_id":"681bdab62cdc43a96e3b2b8a","type":"object","style":"accordion","typeDef":"681bda6eb7434de109c9d3b4","useImport":false,"typeName":"Bar"}],"formulas":[],"templates":[{"name":"InterviewProblem03","label":"","_id":"681a53feb135b4e0f0bccb46","type":"text","contentType":"","text":"{[foo]}\n{[bar.foo]}\n{[bar.baz.foo]}"}],"layouts":[{"name":"(default)","label":"","columnCount":1,"rows":[[{"id":"cefee1d0-2b94-11f0-8269-db792d9942b6","content":"foo","list":[],"class":"question","expr":""}],[{"content":"bar","class":"question","list":[],"expr":"","id":"9cab1c71-2b90-11f0-8c8e-e9b09dfe33d5","offset":0,"span":1}]],"_id":"681bcbf3e910d33f8da123df"}],"apps":[{"name":"AppProblem03","screens":[],"templates":["{[InterviewProblem03]}"],"generateDocs":true,"extUsers":false,"extAutoClose":false,"extInstruct":"","extUseURLs":false,"showDocs":false,"extCompletionURL":"","extExitURL":"","_id":"681a5413b135b4e0f0bccb47"}]}