{"_id":"680940386c0a3db0137a2cb3","name":"House","type":"object","label":"","kind":"model","summary":" ","properties":[{"name":"streetAddress","isList":false,"label":"","helpText":"","forceRelevance":"","_id":"680940408f09b3a0fbefa290","type":"text","style":"textbox","pattern":"","height":1,"allowBreaks":false,"processMarkdown":false,"suggestion":"none","_options":"[]"},{"name":"owner","isList":false,"label":"","helpText":"","forceRelevance":"","_id":"680940498f09b3a0fbefa291","type":"selection","style":"","options":"[]","optionTemplate":"","typeOfVariable":"anOptionListedBelow"}],"formulas":[],"templates":[],"layouts":[{"name":"(default)","label":"","columnCount":2,"rows":[[{"class":"question","content":"streetAddress","list":[],"offset":0,"span":1,"_id":"680940506c0a3db0137a2fc3"},{"class":"question","content":"owner","expr":"","list":[],"offset":1,"span":1,"_id":"680940506c0a3db0137a2fc4"}]],"_id":"6809404d8f09b3a0fbefa292"}],"apps":[],"__v":0}