{"_id":"681a525dacca9efdec4bd1cb","name":"Company","type":"object","label":"","kind":"model","summary":"{[peek(name)]} {[if peek(members.length) > 0]}({[list peek(members).slice(0,3)|punc: \"1, 2, 3\"]}{[this]}{[endlist]}{[if peek(members.length) > 3]}, et. al.{[endif]}){[endif]}","properties":[{"name":"name","isList":false,"label":"Company Name","helpText":"","forceRelevance":"","_id":"681a5264b135b4e0f0bccb44","type":"text","style":"textbox","pattern":"","height":1,"allowBreaks":false,"processMarkdown":false,"suggestion":"none","_options":"[]"},{"name":"members","isList":true,"label":"Members","helpText":"","forceRelevance":"","_id":"681bc87c8dd6e39872b17fd4","type":"text","style":"textbox","pattern":"","height":1,"allowBreaks":false,"processMarkdown":false,"suggestion":"none","_options":"[]"}],"formulas":[],"templates":[],"layouts":[],"apps":[],"__v":0}