{"_id":"6808233948c1d7a6610aaab7","name":"Main","type":"collection","label":"","kind":"model","__v":0,"summary":"Problem 01 - Dynamic Dropdown","properties":[{"name":"houses","isList":true,"label":"","helpText":"","forceRelevance":"","_id":"68094068df4ecae0d8739f0f","type":"object","style":"accordion","typeDef":"680940386c0a3db0137a2cb3","useImport":false,"typeName":"House"},{"name":"names","isList":true,"label":"","helpText":"","forceRelevance":"","_id":"68094091df4ecae0d8739f10","type":"text","style":"textbox","pattern":"","height":1,"allowBreaks":false,"processMarkdown":false,"suggestion":"none","_options":"[]"}],"formulas":[{"name":"homeOwnerOptions","isList":true,"label":"","expression":"[\"names\\n    |map: {\\n        id$: \\\"\\\" + this\\n    }\"]","ref":"SelectionOption","_id":"681a480df161411df028c1ae","type":"object"}],"templates":[{"name":"InterviewProblem1","label":"","_id":"680940f7df4ecae0d8739f11","type":"text","contentType":"","text":"{[list names]}\n    {[this]}\n{[endlist]}\n\n{[list houses]}\n    {[if _index0 < names.length]}\n        {[this.streetAddress]}\n        {[this.owner]}\n    {[endif]}\n{[endlist]}"}],"layouts":[{"name":"(default)","label":"","columnCount":1,"rows":[[{"class":"question","content":"names","expr":"","list":[],"_id":"680944de6c0a3db0138c071d"}],[{"class":"question","content":"houses","list":[],"_id":"680944de6c0a3db0138c071e"}]],"_id":"680944dddbb83a20f9edb973"}],"apps":[{"name":"AppProblem1","screens":[],"templates":["{[InterviewProblem1]}"],"generateDocs":true,"extUsers":false,"extAutoClose":false,"extInstruct":"","extUseURLs":false,"showDocs":false,"extCompletionURL":"","extExitURL":"","_id":"680944afdf4ecae0d8739f12"}]}