{"_id":"681bda7bb7434de109c9d401","name":"Baz","type":"object","label":"","kind":"model","summary":" ","properties":[{"name":"foo","isList":false,"label":"foo (bottom level)","helpText":"","forceRelevance":"","_id":"681bda802cdc43a96e3b2b88","type":"number","style":"textbox","decimalPlaces":0,"minimum":"","maximum":""}],"formulas":[],"templates":[],"layouts":[{"name":"(default)","label":"","columnCount":1,"rows":[[{"class":"question","content":"foo","list":[],"_id":"681bdb5e61d26e8b7ae9ac24","id":"b446a8e0-2b90-11f0-8c8e-e9b09dfe33d5","offset":0,"span":1}]],"_id":"681bdb5d2cdc43a96e3b2b8c"}],"apps":[],"__v":0}