{"_id":"681bda6eb7434de109c9d3b4","name":"Bar","type":"object","label":"","kind":"model","summary":" ","properties":[{"name":"foo","isList":false,"label":"foo (middle level)","helpText":"","forceRelevance":"","_id":"681bda732cdc43a96e3b2b87","type":"number","style":"textbox","decimalPlaces":0,"minimum":"","maximum":""},{"name":"baz","isList":false,"label":"baz","helpText":"","forceRelevance":"","_id":"681bdaac2cdc43a96e3b2b89","type":"object","style":"accordion","typeDef":"681bda7bb7434de109c9d401","useImport":false,"typeName":"Baz"}],"formulas":[],"templates":[],"layouts":[{"name":"(default)","label":"","columnCount":1,"rows":[[{"class":"question","content":"foo","list":[],"_id":"681bdb5061d26e8b7ae990fd","id":"abb81ba0-2b90-11f0-8c8e-e9b09dfe33d5","offset":0,"span":1}],[{"class":"question","content":"baz","list":[],"_id":"681bdb5061d26e8b7ae990fe","id":"abb81ba1-2b90-11f0-8c8e-e9b09dfe33d5","offset":0,"span":1}]],"_id":"681bdb4f2cdc43a96e3b2b8b"}],"apps":[],"__v":0}